epoch,time,train/box_loss,train/cls_loss,train/l1_loss,metrics/precision(B),metrics/recall(B),metrics/mAP50(B),metrics/mAP50-95(B),val/box_loss,val/cls_loss,val/l1_loss,lr/pg0,lr/pg1,lr/pg2,lr/pg3,lr/pg4,lr/pg5,lr/pg6,lr/pg7
1,127.437,3.36945,5.95208,0.03685,0.05838,0.56886,0.13537,0.03437,2.49107,5.758,0.03445,0.00998369,0.0033279,0.00998369,0.0033279,0.00998369,0.0033279,0.00998369,0.0033279
2,234.921,2.20828,2.67326,0.02045,0.59638,0.51445,0.5559,0.22871,1.83758,3.60503,0.02133,0.0199177,0.00663925,0.0199177,0.00663925,0.0199177,0.00663925,0.0199177,0.00663925
3,340.14,1.8081,1.70615,0.01541,0.70892,0.66604,0.74372,0.41415,1.57909,1.9704,0.01852,0.0297858,0.0099286,0.0297858,0.0099286,0.0297858,0.0099286,0.0297858,0.0099286
4,444.562,1.61586,1.35636,0.0133,0.80937,0.66434,0.76399,0.40645,1.71123,1.64221,0.01909,0.029703,0.009901,0.029703,0.009901,0.029703,0.009901,0.029703,0.009901
5,548.874,1.48384,1.13967,0.01202,0.85287,0.77261,0.86833,0.54852,1.2931,1.27376,0.0141,0.029604,0.009868,0.029604,0.009868,0.029604,0.009868,0.029604,0.009868
6,653.999,1.39976,1.0065,0.01122,0.88561,0.83088,0.90588,0.60525,1.25744,1.06712,0.01362,0.029505,0.009835,0.029505,0.009835,0.029505,0.009835,0.029505,0.009835
7,760.281,1.33754,0.92932,0.01051,0.9024,0.85003,0.92066,0.65274,1.18821,0.90524,0.0129,0.029406,0.009802,0.029406,0.009802,0.029406,0.009802,0.029406,0.009802
8,866.343,1.29878,0.88102,0.01016,0.89976,0.85886,0.92276,0.66577,1.10064,1.03214,0.01165,0.029307,0.009769,0.029307,0.009769,0.029307,0.009769,0.029307,0.009769
9,972.468,1.25649,0.84515,0.00971,0.92202,0.8385,0.92088,0.67039,1.10772,0.84683,0.01149,0.029208,0.009736,0.029208,0.009736,0.029208,0.009736,0.029208,0.009736
10,1078.69,1.21721,0.79181,0.00937,0.94525,0.86379,0.93944,0.69762,1.07112,0.75498,0.01114,0.029109,0.009703,0.029109,0.009703,0.029109,0.009703,0.029109,0.009703
11,1184.91,1.19272,0.77084,0.00923,0.93774,0.88443,0.94639,0.70728,1.02182,0.75374,0.01082,0.02901,0.00967,0.02901,0.00967,0.02901,0.00967,0.02901,0.00967
12,1291.03,1.1642,0.73445,0.00889,0.94699,0.8848,0.94701,0.71594,1.00805,0.74295,0.01017,0.028911,0.009637,0.028911,0.009637,0.028911,0.009637,0.028911,0.009637
13,1397.06,1.15749,0.72143,0.00879,0.94726,0.90308,0.9587,0.7226,1.00114,0.67414,0.01083,0.028812,0.009604,0.028812,0.009604,0.028812,0.009604,0.028812,0.009604
14,1503.2,1.13628,0.70795,0.00863,0.94061,0.89146,0.95204,0.7189,1.02206,0.70452,0.01032,0.028713,0.009571,0.028713,0.009571,0.028713,0.009571,0.028713,0.009571
15,1609.31,1.11627,0.68666,0.00844,0.94774,0.87842,0.95192,0.73435,0.95431,0.63653,0.01003,0.028614,0.009538,0.028614,0.009538,0.028614,0.009538,0.028614,0.009538
16,1715.48,1.0968,0.6736,0.00826,0.94939,0.90769,0.95866,0.73722,0.94959,0.60492,0.0101,0.028515,0.009505,0.028515,0.009505,0.028515,0.009505,0.028515,0.009505
17,1821.59,1.08902,0.65587,0.00816,0.95299,0.90524,0.95777,0.75273,0.92404,0.59014,0.00938,0.028416,0.009472,0.028416,0.009472,0.028416,0.009472,0.028416,0.009472
18,1927.59,1.08293,0.64645,0.00813,0.96087,0.90094,0.95692,0.74437,0.96889,0.57309,0.01006,0.028317,0.009439,0.028317,0.009439,0.028317,0.009439,0.028317,0.009439
19,2033.7,1.07414,0.64433,0.00803,0.95564,0.91336,0.96019,0.75539,0.92592,0.56903,0.00959,0.028218,0.009406,0.028218,0.009406,0.028218,0.009406,0.028218,0.009406
20,2139.89,1.04844,0.63544,0.00781,0.95314,0.91598,0.96272,0.74736,0.9277,0.58772,0.00949,0.028119,0.009373,0.028119,0.009373,0.028119,0.009373,0.028119,0.009373
21,2245.87,1.05508,0.62617,0.0079,0.95354,0.91655,0.96297,0.76429,0.91149,0.56574,0.00949,0.02802,0.00934,0.02802,0.00934,0.02802,0.00934,0.02802,0.00934
22,2351.91,1.03907,0.6133,0.00771,0.95577,0.90919,0.9603,0.75613,0.92077,0.56502,0.00969,0.027921,0.009307,0.027921,0.009307,0.027921,0.009307,0.027921,0.009307
23,2458,1.03554,0.60262,0.00769,0.94591,0.90432,0.96244,0.7571,0.91987,0.55349,0.00937,0.027822,0.009274,0.027822,0.009274,0.027822,0.009274,0.027822,0.009274
24,2563.94,1.02694,0.60412,0.00764,0.95848,0.9008,0.96147,0.75272,0.91621,0.55849,0.00947,0.027723,0.009241,0.027723,0.009241,0.027723,0.009241,0.027723,0.009241
25,2669.81,1.01617,0.59284,0.00754,0.96412,0.90756,0.96108,0.76339,0.88272,0.55636,0.0092,0.027624,0.009208,0.027624,0.009208,0.027624,0.009208,0.027624,0.009208
26,2775.72,1.01341,0.59391,0.00748,0.94911,0.9212,0.96621,0.76745,0.89054,0.56332,0.00917,0.027525,0.009175,0.027525,0.009175,0.027525,0.009175,0.027525,0.009175
27,2881.92,1.0062,0.57482,0.00743,0.96505,0.91295,0.96289,0.77175,0.85893,0.53469,0.00872,0.027426,0.009142,0.027426,0.009142,0.027426,0.009142,0.027426,0.009142
28,2987.33,1.00306,0.5717,0.00743,0.96031,0.90769,0.95989,0.76772,0.85549,0.57069,0.00872,0.027327,0.009109,0.027327,0.009109,0.027327,0.009109,0.027327,0.009109
29,3092.48,0.9998,0.56912,0.00737,0.95008,0.92117,0.96455,0.77253,0.86246,0.53572,0.00885,0.027228,0.009076,0.027228,0.009076,0.027228,0.009076,0.027228,0.009076
30,3197.67,0.97344,0.55434,0.00716,0.95343,0.92953,0.96648,0.78346,0.8657,0.53221,0.0088,0.027129,0.009043,0.027129,0.009043,0.027129,0.009043,0.027129,0.009043
31,3302.8,0.98281,0.55853,0.00725,0.96513,0.91107,0.96775,0.78162,0.83726,0.53668,0.0083,0.02703,0.00901,0.02703,0.00901,0.02703,0.00901,0.02703,0.00901
32,3407.81,0.9723,0.55636,0.00715,0.96616,0.9242,0.96786,0.77935,0.84028,0.54873,0.00848,0.026931,0.008977,0.026931,0.008977,0.026931,0.008977,0.026931,0.008977
33,3512.78,0.96362,0.55007,0.00715,0.95065,0.92195,0.96748,0.78358,0.84172,0.50958,0.00858,0.026832,0.008944,0.026832,0.008944,0.026832,0.008944,0.026832,0.008944
34,3617.72,0.96581,0.54317,0.00709,0.96882,0.9152,0.96726,0.77848,0.83991,0.51739,0.00842,0.026733,0.008911,0.026733,0.008911,0.026733,0.008911,0.026733,0.008911
35,3722.87,0.95809,0.53304,0.00702,0.97195,0.91006,0.96859,0.78148,0.84302,0.52165,0.00875,0.026634,0.008878,0.026634,0.008878,0.026634,0.008878,0.026634,0.008878
36,3827.92,0.96154,0.53384,0.00707,0.95893,0.91995,0.9681,0.78662,0.83793,0.50726,0.00836,0.026535,0.008845,0.026535,0.008845,0.026535,0.008845,0.026535,0.008845
37,3932.87,0.9631,0.53871,0.00708,0.96102,0.93021,0.96822,0.78375,0.83688,0.52201,0.00857,0.026436,0.008812,0.026436,0.008812,0.026436,0.008812,0.026436,0.008812
38,4037.89,0.94824,0.53276,0.00702,0.96727,0.92042,0.96993,0.79037,0.81944,0.49012,0.00828,0.026337,0.008779,0.026337,0.008779,0.026337,0.008779,0.026337,0.008779
39,4142.87,0.94965,0.52838,0.00698,0.96718,0.92899,0.96678,0.79184,0.83133,0.49313,0.00832,0.026238,0.008746,0.026238,0.008746,0.026238,0.008746,0.026238,0.008746
40,4247.8,0.94365,0.52156,0.00697,0.96618,0.91782,0.96896,0.78278,0.83786,0.49779,0.00843,0.026139,0.008713,0.026139,0.008713,0.026139,0.008713,0.026139,0.008713
41,4352.59,0.93708,0.5122,0.00677,0.96991,0.91927,0.9678,0.79091,0.82092,0.50555,0.00826,0.02604,0.00868,0.02604,0.00868,0.02604,0.00868,0.02604,0.00868
42,4457.58,0.93541,0.51994,0.00682,0.96257,0.92758,0.96896,0.79116,0.81278,0.49345,0.00831,0.025941,0.008647,0.025941,0.008647,0.025941,0.008647,0.025941,0.008647
43,4562.56,0.93931,0.50909,0.00684,0.96225,0.92908,0.97221,0.78959,0.80996,0.50205,0.00821,0.025842,0.008614,0.025842,0.008614,0.025842,0.008614,0.025842,0.008614
44,4667.59,0.92575,0.518,0.00681,0.95837,0.93246,0.97084,0.79511,0.79911,0.48435,0.00806,0.025743,0.008581,0.025743,0.008581,0.025743,0.008581,0.025743,0.008581
45,4772.48,0.93001,0.51257,0.00678,0.96677,0.92786,0.97069,0.79504,0.80837,0.47242,0.00816,0.025644,0.008548,0.025644,0.008548,0.025644,0.008548,0.025644,0.008548
46,4877.53,0.9252,0.50025,0.00679,0.96533,0.92495,0.96978,0.7934,0.79694,0.49337,0.00814,0.025545,0.008515,0.025545,0.008515,0.025545,0.008515,0.025545,0.008515
47,4982.52,0.91459,0.50085,0.00668,0.96177,0.93246,0.97056,0.79666,0.78853,0.49089,0.00802,0.025446,0.008482,0.025446,0.008482,0.025446,0.008482,0.025446,0.008482
48,5087.55,0.9135,0.50166,0.0067,0.95779,0.93669,0.97117,0.79648,0.78208,0.49283,0.00783,0.025347,0.008449,0.025347,0.008449,0.025347,0.008449,0.025347,0.008449
49,5192.58,0.91488,0.50607,0.0067,0.95186,0.94218,0.97277,0.80044,0.78542,0.46811,0.00779,0.025248,0.008416,0.025248,0.008416,0.025248,0.008416,0.025248,0.008416
50,5297.54,0.90971,0.49179,0.00665,0.9712,0.93651,0.97273,0.80189,0.77311,0.45592,0.00766,0.025149,0.008383,0.025149,0.008383,0.025149,0.008383,0.025149,0.008383
51,5402.47,0.90083,0.48772,0.00663,0.97068,0.93846,0.97437,0.79904,0.78624,0.4584,0.0079,0.02505,0.00835,0.02505,0.00835,0.02505,0.00835,0.02505,0.00835
52,5507.47,0.90701,0.49006,0.00659,0.96244,0.94409,0.97348,0.79986,0.77349,0.45353,0.00782,0.024951,0.008317,0.024951,0.008317,0.024951,0.008317,0.024951,0.008317
53,5612.55,0.90531,0.49474,0.00656,0.963,0.93621,0.97197,0.79915,0.78493,0.45636,0.00783,0.024852,0.008284,0.024852,0.008284,0.024852,0.008284,0.024852,0.008284
54,5717.41,0.89941,0.49028,0.00655,0.96354,0.9242,0.97237,0.80195,0.78695,0.45381,0.00782,0.024753,0.008251,0.024753,0.008251,0.024753,0.008251,0.024753,0.008251
55,5822.5,0.90129,0.48797,0.00653,0.94714,0.93696,0.9721,0.80344,0.77001,0.49901,0.00777,0.024654,0.008218,0.024654,0.008218,0.024654,0.008218,0.024654,0.008218
56,5927.08,0.90193,0.49907,0.00657,0.9502,0.93785,0.97311,0.80651,0.76335,0.48581,0.00763,0.024555,0.008185,0.024555,0.008185,0.024555,0.008185,0.024555,0.008185
57,6031.51,0.90142,0.49268,0.00651,0.95624,0.93246,0.97131,0.79923,0.79115,0.50091,0.00787,0.024456,0.008152,0.024456,0.008152,0.024456,0.008152,0.024456,0.008152
58,6136.03,0.90011,0.48067,0.00655,0.96243,0.93252,0.97217,0.80069,0.76811,0.48591,0.00775,0.024357,0.008119,0.024357,0.008119,0.024357,0.008119,0.024357,0.008119
59,6240.31,0.89341,0.48029,0.00643,0.96854,0.93557,0.97344,0.80505,0.783,0.47187,0.00794,0.024258,0.008086,0.024258,0.008086,0.024258,0.008086,0.024258,0.008086
60,6344.66,0.89281,0.47613,0.00649,0.96504,0.93058,0.97349,0.8075,0.78,0.44952,0.00782,0.024159,0.008053,0.024159,0.008053,0.024159,0.008053,0.024159,0.008053
61,6449,0.89582,0.48804,0.00651,0.9654,0.93996,0.97372,0.80399,0.77896,0.45822,0.00768,0.02406,0.00802,0.02406,0.00802,0.02406,0.00802,0.02406,0.00802
62,6553.19,0.89718,0.47563,0.00652,0.96479,0.93562,0.97385,0.80509,0.79064,0.45008,0.00798,0.023961,0.007987,0.023961,0.007987,0.023961,0.007987,0.023961,0.007987
63,6657.53,0.88501,0.46849,0.00638,0.96065,0.93809,0.97246,0.80401,0.79042,0.46199,0.00788,0.023862,0.007954,0.023862,0.007954,0.023862,0.007954,0.023862,0.007954
64,6761.84,0.88468,0.46612,0.00645,0.95821,0.94643,0.97355,0.80371,0.79101,0.46925,0.00789,0.023763,0.007921,0.023763,0.007921,0.023763,0.007921,0.023763,0.007921
65,6866.28,0.88021,0.47419,0.00638,0.95833,0.93809,0.97334,0.80331,0.77825,0.48769,0.00781,0.023664,0.007888,0.023664,0.007888,0.023664,0.007888,0.023664,0.007888
66,6970.59,0.87757,0.47771,0.00636,0.96094,0.94149,0.97571,0.80753,0.7629,0.48608,0.00772,0.023565,0.007855,0.023565,0.007855,0.023565,0.007855,0.023565,0.007855
67,7075.19,0.8853,0.47377,0.00643,0.95587,0.94334,0.97595,0.81061,0.76606,0.47439,0.0077,0.023466,0.007822,0.023466,0.007822,0.023466,0.007822,0.023466,0.007822
68,7179.41,0.8735,0.47256,0.00629,0.96092,0.94111,0.97579,0.81258,0.75252,0.4888,0.00751,0.023367,0.007789,0.023367,0.007789,0.023367,0.007789,0.023367,0.007789
69,7283.69,0.87523,0.46111,0.0063,0.96194,0.94259,0.97672,0.81211,0.75522,0.4829,0.00751,0.023268,0.007756,0.023268,0.007756,0.023268,0.007756,0.023268,0.007756
70,7387.95,0.86991,0.45573,0.0063,0.96848,0.93809,0.97637,0.81252,0.757,0.46371,0.00753,0.023169,0.007723,0.023169,0.007723,0.023169,0.007723,0.023169,0.007723
71,7492.33,0.87435,0.45659,0.00635,0.96859,0.93508,0.97643,0.80965,0.77366,0.45073,0.00767,0.02307,0.00769,0.02307,0.00769,0.02307,0.00769,0.02307,0.00769
72,7596.53,0.86373,0.46315,0.00624,0.97127,0.93283,0.97653,0.81211,0.77807,0.45566,0.00767,0.022971,0.007657,0.022971,0.007657,0.022971,0.007657,0.022971,0.007657
73,7700.87,0.86469,0.45975,0.00623,0.96323,0.94146,0.97563,0.81034,0.7792,0.45349,0.00769,0.022872,0.007624,0.022872,0.007624,0.022872,0.007624,0.022872,0.007624
74,7805.08,0.86373,0.45763,0.0063,0.96926,0.93456,0.97514,0.81086,0.77651,0.46115,0.00766,0.022773,0.007591,0.022773,0.007591,0.022773,0.007591,0.022773,0.007591
75,7909.27,0.86205,0.45374,0.00622,0.96931,0.93635,0.97543,0.81195,0.76885,0.46023,0.00753,0.022674,0.007558,0.022674,0.007558,0.022674,0.007558,0.022674,0.007558
76,8013.41,0.85943,0.45407,0.00621,0.96502,0.9419,0.97514,0.81194,0.75652,0.46273,0.00741,0.022575,0.007525,0.022575,0.007525,0.022575,0.007525,0.022575,0.007525
77,8117.59,0.85556,0.44982,0.00614,0.9677,0.94259,0.97484,0.81301,0.74991,0.4478,0.00741,0.022476,0.007492,0.022476,0.007492,0.022476,0.007492,0.022476,0.007492
78,8221.81,0.85721,0.44747,0.00616,0.9679,0.93659,0.97465,0.81049,0.74604,0.46321,0.00737,0.022377,0.007459,0.022377,0.007459,0.022377,0.007459,0.022377,0.007459
79,8326.09,0.84871,0.4508,0.0061,0.96002,0.94371,0.97437,0.81001,0.75147,0.46498,0.00736,0.022278,0.007426,0.022278,0.007426,0.022278,0.007426,0.022278,0.007426
80,8430.51,0.85227,0.45026,0.0061,0.96187,0.94667,0.97557,0.81157,0.75556,0.44562,0.00738,0.022179,0.007393,0.022179,0.007393,0.022179,0.007393,0.022179,0.007393
81,8534.8,0.85977,0.44348,0.00615,0.9601,0.94802,0.97594,0.81212,0.75888,0.44318,0.00744,0.02208,0.00736,0.02208,0.00736,0.02208,0.00736,0.02208,0.00736
82,8639.16,0.8537,0.44298,0.00619,0.97911,0.93211,0.97567,0.81328,0.75518,0.44604,0.0074,0.021981,0.007327,0.021981,0.007327,0.021981,0.007327,0.021981,0.007327
83,8743.51,0.84452,0.44269,0.0061,0.96944,0.94042,0.97545,0.81272,0.75283,0.4483,0.00739,0.021882,0.007294,0.021882,0.007294,0.021882,0.007294,0.021882,0.007294
84,8847.72,0.85202,0.44455,0.00618,0.96931,0.93639,0.97483,0.81437,0.75013,0.44921,0.00736,0.021783,0.007261,0.021783,0.007261,0.021783,0.007261,0.021783,0.007261
85,8952.06,0.84898,0.44546,0.0061,0.96922,0.9453,0.97485,0.81536,0.75037,0.44584,0.00738,0.021684,0.007228,0.021684,0.007228,0.021684,0.007228,0.021684,0.007228
86,9056.3,0.84733,0.44195,0.00607,0.97178,0.94071,0.97456,0.81417,0.75035,0.45282,0.00738,0.021585,0.007195,0.021585,0.007195,0.021585,0.007195,0.021585,0.007195
87,9160.53,0.84823,0.44191,0.00608,0.96843,0.94381,0.97454,0.81451,0.74795,0.45368,0.00735,0.021486,0.007162,0.021486,0.007162,0.021486,0.007162,0.021486,0.007162
88,9264.67,0.8493,0.43486,0.0061,0.97449,0.94602,0.97543,0.81501,0.74729,0.45221,0.00736,0.021387,0.007129,0.021387,0.007129,0.021387,0.007129,0.021387,0.007129
89,9368.98,0.84674,0.43879,0.00609,0.96877,0.94371,0.97585,0.81524,0.74752,0.44989,0.00734,0.021288,0.007096,0.021288,0.007096,0.021288,0.007096,0.021288,0.007096
90,9473.25,0.83563,0.43457,0.00599,0.97689,0.93959,0.97672,0.81657,0.74671,0.45051,0.00736,0.021189,0.007063,0.021189,0.007063,0.021189,0.007063,0.021189,0.007063
91,9577.58,0.83504,0.44473,0.00599,0.97093,0.94484,0.97626,0.8158,0.75092,0.4479,0.00739,0.02109,0.00703,0.02109,0.00703,0.02109,0.00703,0.02109,0.00703
92,9681.89,0.83926,0.43265,0.00601,0.97557,0.93996,0.97664,0.81713,0.74969,0.44896,0.00738,0.020991,0.006997,0.020991,0.006997,0.020991,0.006997,0.020991,0.006997
93,9786.26,0.84924,0.43622,0.00606,0.97069,0.94459,0.97712,0.81702,0.74993,0.44534,0.00737,0.020892,0.006964,0.020892,0.006964,0.020892,0.006964,0.020892,0.006964
94,9890.39,0.83119,0.42545,0.00592,0.96572,0.94709,0.97696,0.81538,0.75067,0.44913,0.00738,0.020793,0.006931,0.020793,0.006931,0.020793,0.006931,0.020793,0.006931
95,9994.61,0.83479,0.43693,0.00599,0.96808,0.94458,0.97658,0.81646,0.74998,0.4578,0.00735,0.020694,0.006898,0.020694,0.006898,0.020694,0.006898,0.020694,0.006898
96,10098.8,0.83382,0.43004,0.00595,0.96583,0.94407,0.97643,0.81675,0.75084,0.46671,0.00734,0.020595,0.006865,0.020595,0.006865,0.020595,0.006865,0.020595,0.006865
97,10203.3,0.83266,0.42397,0.00597,0.96439,0.94519,0.97537,0.81496,0.75383,0.46982,0.00737,0.020496,0.006832,0.020496,0.006832,0.020496,0.006832,0.020496,0.006832
98,10307.6,0.83364,0.42649,0.00591,0.96381,0.94559,0.97527,0.81366,0.75561,0.46958,0.00739,0.020397,0.006799,0.020397,0.006799,0.020397,0.006799,0.020397,0.006799
99,10411.9,0.83114,0.42811,0.00598,0.96461,0.94084,0.97506,0.81312,0.75693,0.46786,0.00739,0.020298,0.006766,0.020298,0.006766,0.020298,0.006766,0.020298,0.006766
100,10516,0.82452,0.42198,0.00596,0.96544,0.94597,0.97585,0.81517,0.75719,0.46123,0.00739,0.020199,0.006733,0.020199,0.006733,0.020199,0.006733,0.020199,0.006733
101,10620.3,0.81915,0.41153,0.00584,0.96593,0.94559,0.97586,0.81563,0.75789,0.46077,0.00741,0.0201,0.0067,0.0201,0.0067,0.0201,0.0067,0.0201,0.0067
102,10724.6,0.81872,0.42069,0.00593,0.96797,0.94672,0.97626,0.81554,0.75546,0.46217,0.00738,0.020001,0.006667,0.020001,0.006667,0.020001,0.006667,0.020001,0.006667
103,10828.7,0.82132,0.42094,0.00586,0.96408,0.94784,0.97602,0.81546,0.75347,0.46539,0.00739,0.019902,0.006634,0.019902,0.006634,0.019902,0.006634,0.019902,0.006634
104,10932.9,0.82577,0.42435,0.00584,0.96705,0.94634,0.97637,0.81589,0.75446,0.46574,0.00738,0.019803,0.006601,0.019803,0.006601,0.019803,0.006601,0.019803,0.006601
105,11037.1,0.81797,0.42209,0.00584,0.96983,0.94334,0.97614,0.81578,0.75359,0.46617,0.00738,0.019704,0.006568,0.019704,0.006568,0.019704,0.006568,0.019704,0.006568
106,11141.4,0.80984,0.41894,0.00578,0.96956,0.94334,0.97592,0.81586,0.75331,0.46598,0.00736,0.019605,0.006535,0.019605,0.006535,0.019605,0.006535,0.019605,0.006535
107,11245.8,0.82401,0.42287,0.00587,0.96885,0.94747,0.97556,0.81676,0.7511,0.46521,0.00732,0.019506,0.006502,0.019506,0.006502,0.019506,0.006502,0.019506,0.006502
108,11350.2,0.81579,0.417,0.00583,0.97021,0.94088,0.97589,0.81696,0.75087,0.46684,0.00733,0.019407,0.006469,0.019407,0.006469,0.019407,0.006469,0.019407,0.006469
109,11454.5,0.81452,0.41318,0.00585,0.96879,0.94338,0.97565,0.81734,0.74965,0.46507,0.00732,0.019308,0.006436,0.019308,0.006436,0.019308,0.006436,0.019308,0.006436
110,11574.7,0.80792,0.41771,0.00579,0.95856,0.94897,0.97566,0.81644,0.75022,0.46606,0.00732,0.019209,0.006403,0.019209,0.006403,0.019209,0.006403,0.019209,0.006403
111,11678.9,0.81077,0.41694,0.00576,0.96174,0.94672,0.97554,0.81644,0.74784,0.47021,0.0073,0.01911,0.00637,0.01911,0.00637,0.01911,0.00637,0.01911,0.00637
112,11783.6,0.81353,0.41755,0.00575,0.96013,0.9487,0.97568,0.81706,0.7474,0.47016,0.0073,0.019011,0.006337,0.019011,0.006337,0.019011,0.006337,0.019011,0.006337
113,11888,0.81328,0.41346,0.00583,0.96301,0.9475,0.97606,0.81789,0.74857,0.46691,0.00732,0.018912,0.006304,0.018912,0.006304,0.018912,0.006304,0.018912,0.006304
114,11992.4,0.81033,0.41099,0.00572,0.96337,0.94752,0.97626,0.81775,0.74644,0.46915,0.0073,0.018813,0.006271,0.018813,0.006271,0.018813,0.006271,0.018813,0.006271
115,12096.9,0.80464,0.41691,0.00575,0.96515,0.94747,0.97629,0.81802,0.74485,0.46697,0.00729,0.018714,0.006238,0.018714,0.006238,0.018714,0.006238,0.018714,0.006238
116,12201.3,0.80673,0.41961,0.0058,0.96384,0.94822,0.97628,0.81822,0.74307,0.46975,0.00727,0.018615,0.006205,0.018615,0.006205,0.018615,0.006205,0.018615,0.006205
117,12305.6,0.8035,0.41371,0.00578,0.96331,0.94581,0.97592,0.81816,0.74351,0.46905,0.00726,0.018516,0.006172,0.018516,0.006172,0.018516,0.006172,0.018516,0.006172
118,12410.1,0.80135,0.4054,0.00568,0.9528,0.95443,0.9759,0.81794,0.74263,0.47076,0.00725,0.018417,0.006139,0.018417,0.006139,0.018417,0.006139,0.018417,0.006139
119,12514.5,0.79767,0.40561,0.00573,0.96304,0.94822,0.97637,0.81921,0.74118,0.47104,0.00725,0.018318,0.006106,0.018318,0.006106,0.018318,0.006106,0.018318,0.006106
120,12618.8,0.79931,0.40421,0.00566,0.96682,0.95009,0.9768,0.81949,0.7414,0.46847,0.00725,0.018219,0.006073,0.018219,0.006073,0.018219,0.006073,0.018219,0.006073
121,12723.1,0.80318,0.40343,0.00572,0.96528,0.9494,0.97687,0.81939,0.74053,0.46847,0.00724,0.01812,0.00604,0.01812,0.00604,0.01812,0.00604,0.01812,0.00604
122,12827.3,0.80572,0.39902,0.00572,0.96134,0.94822,0.97639,0.81906,0.73925,0.46836,0.00722,0.018021,0.006007,0.018021,0.006007,0.018021,0.006007,0.018021,0.006007
123,12931.6,0.79567,0.3983,0.00566,0.9623,0.9483,0.97621,0.81894,0.73751,0.46938,0.0072,0.017922,0.005974,0.017922,0.005974,0.017922,0.005974,0.017922,0.005974
124,13036,0.79756,0.39818,0.00566,0.96483,0.94714,0.97624,0.81947,0.73788,0.46753,0.00721,0.017823,0.005941,0.017823,0.005941,0.017823,0.005941,0.017823,0.005941
125,13140.3,0.79536,0.39614,0.00573,0.96667,0.94689,0.97626,0.81938,0.73685,0.46754,0.0072,0.017724,0.005908,0.017724,0.005908,0.017724,0.005908,0.017724,0.005908
126,13244.6,0.79509,0.39923,0.00566,0.96338,0.94766,0.9762,0.81946,0.7361,0.46616,0.00719,0.017625,0.005875,0.017625,0.005875,0.017625,0.005875,0.017625,0.005875
127,13349,0.7955,0.39756,0.00563,0.96231,0.94597,0.97628,0.8202,0.73433,0.46916,0.00718,0.017526,0.005842,0.017526,0.005842,0.017526,0.005842,0.017526,0.005842
128,13453.3,0.78746,0.39379,0.0056,0.96052,0.94934,0.97621,0.81974,0.73466,0.46853,0.00719,0.017427,0.005809,0.017427,0.005809,0.017427,0.005809,0.017427,0.005809
129,13557.5,0.78979,0.39409,0.00562,0.96024,0.94972,0.97619,0.81912,0.73484,0.46917,0.00719,0.017328,0.005776,0.017328,0.005776,0.017328,0.005776,0.017328,0.005776
130,13661.7,0.78553,0.38937,0.00559,0.96441,0.94566,0.9765,0.81835,0.73454,0.46645,0.0072,0.017229,0.005743,0.017229,0.005743,0.017229,0.005743,0.017229,0.005743
131,13766,0.78772,0.39701,0.00558,0.9693,0.94782,0.97677,0.81883,0.73503,0.46425,0.0072,0.01713,0.00571,0.01713,0.00571,0.01713,0.00571,0.01713,0.00571
132,13870.3,0.78834,0.39245,0.0056,0.96346,0.95047,0.9768,0.81918,0.73457,0.46569,0.0072,0.017031,0.005677,0.017031,0.005677,0.017031,0.005677,0.017031,0.005677
133,13974.6,0.77858,0.38863,0.00554,0.96236,0.94972,0.97682,0.8199,0.73438,0.46531,0.00719,0.016932,0.005644,0.016932,0.005644,0.016932,0.005644,0.016932,0.005644
134,14079,0.77734,0.39166,0.00555,0.96277,0.95097,0.97681,0.8198,0.73309,0.4643,0.00719,0.016833,0.005611,0.016833,0.005611,0.016833,0.005611,0.016833,0.005611
135,14183.3,0.78035,0.38935,0.00549,0.9618,0.95084,0.97673,0.81971,0.73269,0.46641,0.00717,0.016734,0.005578,0.016734,0.005578,0.016734,0.005578,0.016734,0.005578
136,14287.6,0.77703,0.38234,0.0055,0.96354,0.95205,0.97649,0.82006,0.73179,0.46372,0.00717,0.016635,0.005545,0.016635,0.005545,0.016635,0.005545,0.016635,0.005545
137,14391.9,0.7718,0.384,0.00546,0.9637,0.95122,0.97659,0.82079,0.73171,0.46509,0.00717,0.016536,0.005512,0.016536,0.005512,0.016536,0.005512,0.016536,0.005512
138,14496.2,0.7755,0.38328,0.00549,0.96421,0.95026,0.97654,0.8208,0.73099,0.46535,0.00717,0.016437,0.005479,0.016437,0.005479,0.016437,0.005479,0.016437,0.005479
139,14600.6,0.77037,0.39481,0.00548,0.96604,0.95005,0.9765,0.82114,0.7305,0.46199,0.00717,0.016338,0.005446,0.016338,0.005446,0.016338,0.005446,0.016338,0.005446
140,14704.8,0.77295,0.38471,0.00544,0.96513,0.95009,0.9762,0.8212,0.73064,0.46108,0.00717,0.016239,0.005413,0.016239,0.005413,0.016239,0.005413,0.016239,0.005413
141,14809.1,0.77088,0.37877,0.00545,0.96178,0.95366,0.97626,0.82079,0.73046,0.45949,0.00717,0.01614,0.00538,0.01614,0.00538,0.01614,0.00538,0.01614,0.00538
142,14913.4,0.7712,0.38341,0.00551,0.96424,0.95121,0.97663,0.82063,0.73063,0.45871,0.00718,0.016041,0.005347,0.016041,0.005347,0.016041,0.005347,0.016041,0.005347
143,15017.7,0.76918,0.37931,0.00544,0.96084,0.95235,0.9767,0.82029,0.72923,0.46101,0.00717,0.015942,0.005314,0.015942,0.005314,0.015942,0.005314,0.015942,0.005314
144,15122.1,0.76278,0.37607,0.00535,0.96745,0.94409,0.97647,0.8204,0.72908,0.45965,0.00717,0.015843,0.005281,0.015843,0.005281,0.015843,0.005281,0.015843,0.005281
145,15227,0.76145,0.37855,0.00542,0.96209,0.94934,0.97595,0.82025,0.72739,0.46396,0.00715,0.015744,0.005248,0.015744,0.005248,0.015744,0.005248,0.015744,0.005248
146,15331.3,0.76356,0.37898,0.00545,0.95795,0.94972,0.97586,0.81977,0.72836,0.46332,0.00717,0.015645,0.005215,0.015645,0.005215,0.015645,0.005215,0.015645,0.005215
147,15435.5,0.76062,0.37878,0.00538,0.966,0.94883,0.97578,0.82026,0.72746,0.46106,0.00717,0.015546,0.005182,0.015546,0.005182,0.015546,0.005182,0.015546,0.005182
148,15539.8,0.76387,0.37953,0.00541,0.96648,0.94559,0.97553,0.81999,0.72609,0.46308,0.00716,0.015447,0.005149,0.015447,0.005149,0.015447,0.005149,0.015447,0.005149
149,15644.2,0.76168,0.37792,0.00535,0.96732,0.94398,0.97592,0.81982,0.72644,0.46456,0.00716,0.015348,0.005116,0.015348,0.005116,0.015348,0.005116,0.015348,0.005116
150,15748.4,0.76887,0.38023,0.00546,0.96487,0.94709,0.97615,0.82039,0.72656,0.46274,0.00716,0.015249,0.005083,0.015249,0.005083,0.015249,0.005083,0.015249,0.005083
151,15852.8,0.7673,0.37755,0.00549,0.96418,0.94939,0.97617,0.82027,0.7264,0.45951,0.00716,0.01515,0.00505,0.01515,0.00505,0.01515,0.00505,0.01515,0.00505
152,15957.1,0.76716,0.37913,0.0054,0.96351,0.94934,0.97601,0.82025,0.72523,0.461,0.00715,0.015051,0.005017,0.015051,0.005017,0.015051,0.005017,0.015051,0.005017
153,16061.3,0.75501,0.37536,0.00532,0.96454,0.94925,0.97605,0.82003,0.72542,0.46109,0.00715,0.014952,0.004984,0.014952,0.004984,0.014952,0.004984,0.014952,0.004984
154,16165.5,0.75634,0.38094,0.00532,0.96209,0.95233,0.97594,0.82043,0.72565,0.46234,0.00715,0.014853,0.004951,0.014853,0.004951,0.014853,0.004951,0.014853,0.004951
155,16269.7,0.74582,0.37308,0.00529,0.96163,0.95272,0.97601,0.82093,0.72724,0.45953,0.00718,0.014754,0.004918,0.014754,0.004918,0.014754,0.004918,0.014754,0.004918
156,16374,0.75668,0.37231,0.00532,0.9633,0.95197,0.97579,0.82109,0.72726,0.45974,0.00718,0.014655,0.004885,0.014655,0.004885,0.014655,0.004885,0.014655,0.004885
157,16478.2,0.75578,0.36944,0.00528,0.96142,0.95385,0.9756,0.8207,0.72707,0.4604,0.00718,0.014556,0.004852,0.014556,0.004852,0.014556,0.004852,0.014556,0.004852
158,16582.5,0.75364,0.36808,0.0053,0.96523,0.95159,0.97577,0.82073,0.72668,0.46069,0.00717,0.014457,0.004819,0.014457,0.004819,0.014457,0.004819,0.014457,0.004819
159,16686.9,0.74423,0.36548,0.00523,0.9645,0.94817,0.97575,0.81986,0.72726,0.45943,0.00718,0.014358,0.004786,0.014358,0.004786,0.014358,0.004786,0.014358,0.004786
160,16791,0.74718,0.36584,0.00523,0.96177,0.95339,0.97573,0.81954,0.72739,0.46097,0.00718,0.014259,0.004753,0.014259,0.004753,0.014259,0.004753,0.014259,0.004753
161,16895.3,0.74829,0.36531,0.00529,0.95993,0.95297,0.97572,0.81892,0.72656,0.46252,0.00718,0.01416,0.00472,0.01416,0.00472,0.01416,0.00472,0.01416,0.00472
162,16999.6,0.74787,0.36427,0.00528,0.95982,0.9531,0.97543,0.81871,0.72718,0.46424,0.00719,0.014061,0.004687,0.014061,0.004687,0.014061,0.004687,0.014061,0.004687
163,17103.9,0.74024,0.35963,0.00523,0.96562,0.9485,0.97549,0.81899,0.72556,0.46672,0.00717,0.013962,0.004654,0.013962,0.004654,0.013962,0.004654,0.013962,0.004654
164,17208.2,0.74104,0.36423,0.00521,0.96107,0.95409,0.97546,0.82021,0.72536,0.46462,0.00715,0.013863,0.004621,0.013863,0.004621,0.013863,0.004621,0.013863,0.004621
165,17312.5,0.73881,0.35541,0.0052,0.96136,0.95216,0.97553,0.82023,0.72511,0.46542,0.00715,0.013764,0.004588,0.013764,0.004588,0.013764,0.004588,0.013764,0.004588
166,17416.7,0.74153,0.35932,0.0052,0.9624,0.95081,0.97543,0.82025,0.72787,0.46356,0.0072,0.013665,0.004555,0.013665,0.004555,0.013665,0.004555,0.013665,0.004555
167,17520.9,0.74486,0.36318,0.00526,0.95959,0.95345,0.97542,0.82028,0.72586,0.46756,0.00717,0.013566,0.004522,0.013566,0.004522,0.013566,0.004522,0.013566,0.004522
168,17625.1,0.73419,0.36006,0.00517,0.95963,0.9546,0.97558,0.82022,0.72742,0.4636,0.0072,0.013467,0.004489,0.013467,0.004489,0.013467,0.004489,0.013467,0.004489
169,17729.3,0.74013,0.37066,0.0052,0.96386,0.95081,0.97572,0.82074,0.73093,0.4597,0.00722,0.013368,0.004456,0.013368,0.004456,0.013368,0.004456,0.013368,0.004456
170,17833.6,0.73564,0.36727,0.00514,0.96647,0.95169,0.97614,0.82059,0.72797,0.46311,0.0072,0.013269,0.004423,0.013269,0.004423,0.013269,0.004423,0.013269,0.004423
171,17938,0.73133,0.3613,0.00518,0.96688,0.94822,0.97617,0.82049,0.72782,0.46113,0.0072,0.01317,0.00439,0.01317,0.00439,0.01317,0.00439,0.01317,0.00439
172,18042.2,0.73112,0.35943,0.00514,0.96533,0.95066,0.9763,0.82052,0.72795,0.45949,0.0072,0.013071,0.004357,0.013071,0.004357,0.013071,0.004357,0.013071,0.004357
173,18146.4,0.73137,0.36178,0.00519,0.96738,0.94578,0.97583,0.82032,0.72681,0.46185,0.00718,0.012972,0.004324,0.012972,0.004324,0.012972,0.004324,0.012972,0.004324
174,18250.7,0.72898,0.36455,0.00511,0.96556,0.95084,0.9762,0.81992,0.72565,0.46341,0.00717,0.012873,0.004291,0.012873,0.004291,0.012873,0.004291,0.012873,0.004291
175,18354.9,0.72749,0.3592,0.00513,0.96111,0.94972,0.97534,0.81946,0.72501,0.46781,0.00715,0.012774,0.004258,0.012774,0.004258,0.012774,0.004258,0.012774,0.004258
176,18459,0.72611,0.35628,0.00509,0.96311,0.95047,0.97571,0.81993,0.72518,0.46455,0.00716,0.012675,0.004225,0.012675,0.004225,0.012675,0.004225,0.012675,0.004225
177,18563.4,0.72407,0.34494,0.00508,0.96523,0.94784,0.97588,0.81986,0.72519,0.46463,0.00716,0.012576,0.004192,0.012576,0.004192,0.012576,0.004192,0.012576,0.004192
178,18667.6,0.71926,0.34759,0.00508,0.96556,0.94972,0.97578,0.81983,0.72514,0.46566,0.00716,0.012477,0.004159,0.012477,0.004159,0.012477,0.004159,0.012477,0.004159
179,18771.9,0.72216,0.35067,0.00502,0.96673,0.94852,0.97541,0.82005,0.7249,0.46566,0.00716,0.012378,0.004126,0.012378,0.004126,0.012378,0.004126,0.012378,0.004126
180,18876.2,0.7174,0.34354,0.00501,0.96478,0.94576,0.97514,0.82006,0.72578,0.46519,0.00717,0.012279,0.004093,0.012279,0.004093,0.012279,0.004093,0.012279,0.004093
181,18980.5,0.71767,0.34926,0.00503,0.96337,0.94784,0.97497,0.82041,0.72648,0.46194,0.00713,0.01218,0.00406,0.01218,0.00406,0.01218,0.00406,0.01218,0.00406
182,19084.7,0.7146,0.34422,0.00506,0.96931,0.94798,0.97527,0.82109,0.72646,0.46076,0.00717,0.012081,0.004027,0.012081,0.004027,0.012081,0.004027,0.012081,0.004027
183,19188.9,0.7118,0.34794,0.005,0.9653,0.94985,0.97512,0.82047,0.72643,0.46186,0.00717,0.011982,0.003994,0.011982,0.003994,0.011982,0.003994,0.011982,0.003994
184,19293.1,0.70538,0.34148,0.00496,0.96696,0.94859,0.97495,0.82034,0.7262,0.46307,0.00715,0.011883,0.003961,0.011883,0.003961,0.011883,0.003961,0.011883,0.003961
185,19397.3,0.71671,0.34133,0.00499,0.96665,0.94897,0.97486,0.82025,0.72769,0.45732,0.00713,0.011784,0.003928,0.011784,0.003928,0.011784,0.003928,0.011784,0.003928
186,19501.6,0.70794,0.34127,0.00492,0.96625,0.94822,0.9748,0.82031,0.72641,0.4577,0.00715,0.011685,0.003895,0.011685,0.003895,0.011685,0.003895,0.011685,0.003895
187,19605.8,0.70632,0.34466,0.00497,0.96537,0.94859,0.97468,0.81989,0.72819,0.45502,0.00713,0.011586,0.003862,0.011586,0.003862,0.011586,0.003862,0.011586,0.003862
188,19710.1,0.70781,0.34051,0.00493,0.96431,0.94859,0.97467,0.82015,0.72779,0.45525,0.00713,0.011487,0.003829,0.011487,0.003829,0.011487,0.003829,0.011487,0.003829
189,19814.4,0.70704,0.33884,0.00492,0.96663,0.94572,0.9745,0.82015,0.72755,0.45533,0.00713,0.011388,0.003796,0.011388,0.003796,0.011388,0.003796,0.011388,0.003796
190,19918.6,0.69702,0.33599,0.00489,0.96474,0.94456,0.97429,0.81887,0.72713,0.45758,0.00713,0.011289,0.003763,0.011289,0.003763,0.011289,0.003763,0.011289,0.003763
